{"cameraMode":{"drawMode":0,"name":"Shaded","section":"Shading Mode"},"sceneLighting":true,"audioPlay":false,"sceneViewState":{"m_AlwaysRefresh":false,"showFog":true,"showSkybox":true,"showFlares":true,"showImageEffects":true,"showParticleSystems":true,"showVisualEffectGraphs":true,"m_FxEnabled":true},"in2DMode":false,"pivot":{"x":-119.40275573730469,"y":68.34890747070313,"z":104.5955810546875},"rotation":{"x":-0.052004437893629077,"y":-0.9466350674629211,"z":0.19731900095939637,"w":-0.24948947131633759},"size":32.189395904541019,"orthographic":false}