{"cameraMode":{"drawMode":0,"name":"Shaded","section":"Shading Mode"},"sceneLighting":false,"audioPlay":false,"sceneViewState":{"m_AlwaysRefresh":false,"showFog":true,"showSkybox":false,"showFlares":true,"showImageEffects":true,"showParticleSystems":true,"showVisualEffectGraphs":true,"m_FxEnabled":true},"in2DMode":false,"pivot":{"x":40.65755844116211,"y":-3.394705295562744,"z":21.420177459716798},"rotation":{"x":0.033548492938280109,"y":0.5181744694709778,"z":-0.020480884239077569,"w":0.8544769883155823},"size":23.821542739868165,"orthographic":false}