{"cameraMode":{"drawMode":0,"name":"Shaded","section":"Shading Mode"},"sceneLighting":false,"audioPlay":false,"sceneViewState":{"m_AlwaysRefresh":false,"showFog":true,"showSkybox":false,"showFlares":true,"showImageEffects":true,"showParticleSystems":true,"showVisualEffectGraphs":true,"m_FxEnabled":true},"in2DMode":false,"pivot":{"x":-11.858582496643067,"y":1.0568033456802369,"z":-0.7794718146324158},"rotation":{"x":0.08915012329816818,"y":0.5920511484146118,"z":-0.06628626585006714,"w":0.7983195185661316},"size":23.821542739868165,"orthographic":false}