{"cameraMode":{"drawMode":0,"name":"Shaded","section":"Shading Mode"},"sceneLighting":false,"audioPlay":false,"sceneViewState":{"m_AlwaysRefresh":false,"showFog":true,"showSkybox":false,"showFlares":true,"showImageEffects":true,"showParticleSystems":true,"showVisualEffectGraphs":true,"m_FxEnabled":true},"in2DMode":false,"pivot":{"x":-5.563374996185303,"y":-19.720190048217775,"z":130.76034545898438},"rotation":{"x":0.022532207891345025,"y":-0.9629181027412415,"z":0.25594717264175417,"w":0.0839916542172432},"size":45.27692413330078,"orthographic":false}