{"cameraMode":{"drawMode":0,"name":"Shaded","section":"Shading Mode"},"sceneLighting":true,"audioPlay":false,"sceneViewState":{"m_AlwaysRefresh":true,"showFog":true,"showSkybox":true,"showFlares":true,"showImageEffects":true,"showParticleSystems":true,"showVisualEffectGraphs":true,"m_FxEnabled":true},"in2DMode":false,"pivot":{"x":9.167259216308594,"y":-8.969563484191895,"z":-19.409975051879884},"rotation":{"x":-0.025744769722223283,"y":-0.9731321930885315,"z":0.14150597155094148,"w":-0.18041229248046876},"size":28.78902816772461,"orthographic":false}