{"cameraMode":{"drawMode":0,"name":"Shaded","section":"Shading Mode"},"sceneLighting":true,"audioPlay":false,"sceneViewState":{"m_AlwaysRefresh":true,"showFog":true,"showSkybox":true,"showFlares":true,"showImageEffects":true,"showParticleSystems":true,"showVisualEffectGraphs":true,"m_FxEnabled":true},"in2DMode":false,"pivot":{"x":2.018216609954834,"y":-17.097177505493165,"z":-4.5308332443237309},"rotation":{"x":-0.19700837135314942,"y":-0.0014718907186761499,"z":0.00030651860288344324,"w":-0.9804486036300659},"size":3.6339516639709474,"orthographic":false}