{"cameraMode":{"drawMode":0,"name":"Shaded","section":"Shading Mode"},"sceneLighting":true,"audioPlay":false,"sceneViewState":{"m_AlwaysRefresh":true,"showFog":true,"showSkybox":true,"showFlares":true,"showImageEffects":true,"showParticleSystems":true,"showVisualEffectGraphs":true,"m_FxEnabled":true},"in2DMode":false,"pivot":{"x":17.30671501159668,"y":-23.403600692749025,"z":11.138280868530274},"rotation":{"x":0.053786300122737887,"y":0.9419448375701904,"z":-0.274496853351593,"w":0.18630316853523255},"size":38.101619720458987,"orthographic":false}